sóo-iú-tsiá,所有者
pang-pôo,枋模
uán-tuan,遠端
khóo-pih,khóo-pih
tsu-liāu-giap-á,資料鋏仔
iōng-tsiá,用者
tsiong-tuan-ki,終端機
khai-huat-tsiá,開發者
tshau-tsok-hē-thóng,操作系統
khuài-sok-khí,快速齒
îng-ióng-tîng-sik,應用程式
ún-tsông,隱藏
jī-guân,字元
kuán-lí-tsiá,管理者
sù-ho̍k-khì,伺服器
liû-lám,瀏覽
liû-lám-khì,瀏覽器

kiú-kiú-ha̍p-sòo,九九合數
kiú-kiú-suàn,九九算
tsū-jiân-sòo,自然數
tsíng-sòo,整數
iú-pí-sòo,有比數
bû-pí-sòo,無比數
si̍t-sòo,實數
hi-sòo,虛數
ho̍k-ha̍p-sòo,複合數
sì-guân-sòo,四元數
peh-guân-sòo,八元數
sûn-khuân sió-sòo,循環小數
iú-hān sió-sòo,有限小數
tiû-bi̍t-sìng,稠密性
lī-sàn-sìng,離散性
uân-tsuân pîng-hong sòo,完全平方數
kài-sòo,概數
